,date,text
0,2022-07-08 00:07:17+00:00,"The type of regulation the end of this bull run will bring could be catastrophic for Americans 

#bitcoin does not fix this 

Human action does"
1,2022-07-08 00:35:05+00:00,Shrimps are buying. Whales are buying. Countries are buying. ‚Ä¶..are you buying? Check out @HardMoneyShow with @natbru‚Ä¶
2,2022-07-08 00:35:28+00:00,"Watch now or watch later, we're streaming @HardMoneyShow show LIVE! -#Bitcoin headlines - Updates on FTX, Voyager, Blockfi‚Ä¶"
3,2022-07-08 01:02:04+00:00,Where should I do my interview with @saylor when #Bitcoin hits $100k. Comment below.
4,2022-07-08 05:08:28+00:00,Since when the @nytimes has devoted so much time and space to El Salvador‚Äôs economic initiatives? It‚Äôs clear they‚Äôre afra‚Ä¶
5,2022-07-08 05:10:13+00:00,".@Excellion, JAN3 CEO, and @criptobastardo chatting about the process of nation-state #Bitcoin adoption, #hyperbitcoinization,‚Ä¶"
6,2022-07-08 05:10:36+00:00,".@Excellion, JAN3 CEO, has debunked a Pentagon-backed report which called into question the decentralization and security of t‚Ä¶"
7,2022-07-08 09:24:46+00:00,üî•New article with my personal storyüî•: From Greenpeace direct action to Bitcoin mining promoter. Actions different. Values sa‚Ä¶
8,2022-07-08 11:34:14+00:00,"If you were hurt by @CelsiusNetwork and had 6 figures or less in damages, next week I‚Äôm going to have a way for you to join the fight in recovering your Monday. 

My fight against them is almost buttoned up so now it‚Äôs time to help everyone.

#crypto #bitcoin #celsius $btc"
9,2022-07-08 12:36:21+00:00,Life is easier if you just #bitcoin.
10,2022-07-08 12:49:39+00:00,Isn‚Äôt it fun how #bitcoin could drop to 10k but could also pump to 40k and you just don‚Äôt know which way it‚Äôs going firs‚Ä¶
11,2022-07-08 15:25:41+00:00,"""Mind games: #Bitcoin education at an escape room in Lebanon."" https://t.co/t8c4aqTpkS via @cointelegraph https://t.co/eBLtXPeOzF"
12,2022-07-08 15:37:48+00:00,"In #bitcoin we use a lot of financial jargon so here are 3 important terms you need to know:

1. The Fed
2. Quantitative Easing
3. Quantitative Tightening. 

Full explainer with @exodus_io: https://t.co/DeCD0puNeq https://t.co/GnqnjzX9wU"
13,2022-07-08 15:59:55+00:00,"This week's HARD MONEY with @natbrunell is live! Topics this week included: - Updates on FTX, Voyager, Blockfi, @PeterS‚Ä¶"
14,2022-07-08 16:02:16+00:00,"So excited to hear the #Bitcoin Conference will be back in Miami next year!! @paulapendleyLAW and I are ready! üå¥

Use code HODL for 10% off before prices go up! https://t.co/04mkkOaPzt https://t.co/KMbc5Tl4np"
15,2022-07-08 16:03:22+00:00,Keeping up with #crypto and #Bitcoin news can be challenging. @HardMoneyShow and @natbrunell make it easy by cutting th‚Ä¶
16,2022-07-08 16:54:46+00:00,"1/ @HardMoneyShow with @natbrunell is a big step up for #Bitcoin content. #thread

The response so far has been incredible, and I want to share some of what goes on behind the scenes and shine a light on all the people who are making it possible. https://t.co/4Y2jtM5Rb0"
17,2022-07-08 16:55:08+00:00,"10/ You need a story producer, someone who can work with editors, understands narrative writing, and in our case, someone who understands #Bitcoin. This was a tough hire. We had a number of great candidates, but @RowdyNightrain was our guy. If you watch the show, you know why‚Ä¶ https://t.co/URtdgfKzPo"
18,2022-07-08 16:55:36+00:00,"1/ @HardMoneyShow with @natbrunell is a big step up for #Bitcoin content. #thread The response so far has been incredible, and‚Ä¶"
19,2022-07-08 16:59:41+00:00,"#Bitcoin Breaks $21k &amp; is at Critical Resistance
https://t.co/3V0PUqPHWr"
20,2022-07-08 17:06:08+00:00,.@cz_binance is it you buying up millions of dollars worth of #bitcoin? üëÄ
21,2022-07-08 17:44:08+00:00,The #Bitcoin Tour was featured on @HardMoneyShow with @natbrunell ! Thank you to the team at @SwanBitcoin - @BVBTC @con‚Ä¶
22,2022-07-08 18:21:53+00:00,"Is #Bitcoin dead?
@LynAldenContact: ""I think it's sleeping.""

Don't miss my full interview with Lyn on #BTC and #macro on @HardMoneyShow:

WATCH: https://t.co/OGQb7boZeI https://t.co/4esoJzy42e"
23,2022-07-08 18:31:08+00:00,"#Bitcoin is about freedom and self-sovereignty, not about asking for permission. It is about independence and verifiable truth; extreme ownership and responsibility; hope and human rights. - @dergigi
https://t.co/ZHjXx4gg7e"
24,2022-07-08 18:59:38+00:00,"Is #Bitcoin dead? @LynAldenContact: ""I think it's sleeping."" Don't miss my full interview with Lyn on #BTC and #macro on @‚Ä¶"
25,2022-07-08 20:04:20+00:00,"CEO of @JAN3com, @Excellion, explains that a 51% attack on #Bitcoin is nothing more than fear mongering. #BTC #ProofOfWork https‚Ä¶"
26,2022-07-08 20:10:47+00:00,Lunch in Panama with @monicataher and @JAN3com to talk about #Bitcoin in El Salvador! üá∏üáª https://t.co/hqEzp4j7yE
27,2022-07-08 20:12:44+00:00,"On August 11, 2020, @MicroStrategy embarked on its #Bitcoin Strategy, acquiring 21,454 bitcoins at an aggregate purchase price of $250 million.

Performance since that time of BTC is +83%, $MSTR is +79%, S&amp;P is +16%, Nasdaq is +6%, Gold is -14%, Bonds is -16%, and Silver is -33%."
28,2022-07-08 20:18:54+00:00,Good evening California Good morning U.K. Good afternoon Hong Kong It‚Äôs Friday!!! And another speaker announcement to‚Ä¶
29,2022-07-08 20:33:46+00:00,hey üëã @Excellion Ethiopia üá™üáπ seems quite ready to take some significant steps with #Bitcoin if you aren't already helping o‚Ä¶
30,2022-07-08 20:53:18+00:00,"#Bitcoin &amp; ESG with @thetrocro on Coin Stories

A fascinating talk about:
- #BTC energy use, environmental impact
- PoW vs PoS
- Carbon-neutral mining
- Bitcoin as a protest vote &amp; rebellion from an unjust system.

WATCH: https://t.co/XlGbZaln4E
AUDIO: https://t.co/3g6UtTSXgD https://t.co/IvkVjQ07Ht"
31,2022-07-08 21:03:51+00:00,Guatemala nation wide #bitcoin adoption is just a matter of time... @Excellion @joangodoym @jfonseca81 https://t.co/9‚Ä¶
32,2022-07-08 21:10:19+00:00,#Bitcoin Maximalists in Panama. Group is getting smaller and less relevant. üòÇ #BSLPANAMA2022 üáµüá¶ https://t.co/pIyo5fgxm7
33,2022-07-08 21:16:09+00:00,"1/ @HardMoneyShow with @natbrunell is a big step up for #Bitcoin content. #thread The response so far has been incredible, and‚Ä¶"
34,2022-07-08 21:24:36+00:00,"When I tell you this whole team puts their heart in what they do, create this content for YOU guys, and always strive to‚Ä¶"
35,2022-07-15 00:34:11+00:00,"Don't miss our latest episode of @HardMoneyShow featuring #macro math with @FossGregfoss, a look at #Bitcoin adoption in El Salvador with an exclusive interview with @MilenaMayorga plus updates on #Celsius, #Voyager, and more!

WATCH:
https://t.co/MAKbtZEtle"
36,2022-07-15 01:54:14+00:00,"This week's HARD MONEY with @natbrunell Topics this week included: - #inflation, The Fed, @CelsiusNetwork - Exclusive‚Ä¶"
37,2022-07-15 01:56:24+00:00,"You never actually own a #bitcoin¬†. 

You merely look after it for the next generation. https://t.co/z35xx375V0"
38,2022-07-15 04:35:07+00:00,"They were late to tighten.
They will be late to ease.

Many will be even later to #Bitcoin"
39,2022-07-15 12:18:40+00:00,#Crypto is for mercenaries. #Bitcoin is for missionaries.
40,2022-07-15 13:57:32+00:00,"I had the chance to speak with former German Chancellor Gerhard Schr√∂der about #Bitcoin, Lightning, and CBDCs. ‚ö°Ô∏è https://t.co/blKX8lipP1"
41,2022-07-15 14:45:13+00:00,Thinking you‚Äôre late to #Bitcoin is like thinking you‚Äôre late to the internet in January 1998.
42,2022-07-15 15:40:19+00:00,".@Excellion, JAN3 CEO, explains in the fireside chat with @criptobastardo on the @BlockSummitLA Panama stage why it is better‚Ä¶"
43,2022-07-15 15:43:45+00:00,#Bitcoin can help Latin America and the Global South to overcome historic isolation from the financial system and bring pros‚Ä¶
44,2022-07-15 15:47:20+00:00,"#Bitcoin Law Review - @CelsiusNetwork Bankruptcy, @Ripple $XRP vs @SEC_Enforcement, @solana Class Action for being a Security &amp; bZx's Case claiming all DAO Members are Liable w/ @FJasonSeibert @dcsilver @GordonEinstein &amp; Special Guest @SimonDixonTwitt
https://t.co/ugj5FBgBD5"
45,2022-07-15 16:42:50+00:00,"Don't miss our latest episode of @HardMoneyShow featuring #macro math with @FossGregfoss, a look at #Bitcoin adoption in El‚Ä¶"
46,2022-07-15 17:08:37+00:00,"I do not approve of projects/people issuing multiple coins, especially if the first one hasn't worked out.

For me, I am spending all my efforts on #BNB. And shill #Bitcoin from time to time, when I am too shy to explicitly shill #BNB)."
47,2022-07-15 17:11:50+00:00,"Join us Tuesday July 19 at 5pm EDT for our Q2 briefing on the State of the #Bitcoin Mining Industry. We will share our latest results on energy usage, efficiency, &amp; sustainability, along with updates on technology advances &amp; energy grid support successes.
https://t.co/uh7DFCnn3x https://t.co/JdiVT84aJD"
48,2022-07-15 17:22:31+00:00,"You won't find MSM outlets covering #Bitcoin and global economics the way @HardMoneyShow is doing it.

Watch our special report on #BTC adoption in El Salvador where we met with @MilenaMayorga and local merchants. Plus, @nayibbukele reacts to a NYT op-ed.

https://t.co/WHYAALHAnC https://t.co/ZrwOmYOCOC"
49,2022-07-15 17:48:21+00:00,You won't find MSM outlets covering #Bitcoin and global economics the way @HardMoneyShow is doing it. Watch our special re‚Ä¶
50,2022-07-15 19:20:21+00:00,I am a #Bitcoin
51,2022-07-15 22:34:04+00:00,I was recently interviewed by @hardmoneyshow to discuss El Salvador‚Äôs new model of #economicfreedom under the #bitcoin s‚Ä¶
52,2022-07-15 23:11:36+00:00,I was recently interviewed by @hardmoneyshow to discuss El Salvador‚Äôs new model of #economicfreedom under the #bitcoin s‚Ä¶
53,2022-07-11 01:19:06+00:00,"""We shouldn't confuse energy use with emissions...
We produce a lot of power that no one uses.""
-@thetrocro 

Our talk on #Bitcoin energy use, environmental impact, PoW, PoS, &amp; much more. Thanks for the great feedback!

VIDEO: https://t.co/Kwzpg6piIT

POD: https://t.co/3g6UtTSXgD https://t.co/xe5iyLYw8F"
54,2022-07-11 06:20:59+00:00,The world needs #bitcoin. https://t.co/396JPQm4Ju
55,2022-07-11 12:03:42+00:00,Bullish on #Bitcoin
56,2022-07-11 13:08:40+00:00,"GM

if you are feeling down today bc of #Bitcoin price action just remember it could be worse, your name could be Bunter Hiden"
57,2022-07-11 13:33:44+00:00,Bullish on #Bitcoin
58,2022-07-11 13:57:33+00:00,"The euro and dollar are about to be at parity, 1 to 1.

This hasn't happened in 20 years, and shows that the euro has declined roughly 20% since this time last year ü§Ø

Another sign that the world is hungry for dollar liquidity as the FED tightens monetary policy.

#bitcoin https://t.co/vXOuiN2kWm"
59,2022-07-11 14:01:42+00:00,"#Bitcoin Rejected at Horizontal Channel Top
https://t.co/lw4Gky3Lrk"
60,2022-07-11 14:19:43+00:00,"""We shouldn't confuse energy use with emissions... We produce a lot of power that no one uses."" -@thetrocro Our talk on #‚Ä¶"
61,2022-07-11 15:39:14+00:00,#Bitcoin is the most inclusive monetary system in history.
62,2022-07-11 15:50:52+00:00,"Will #Bitcoin lead to financial instability?

Or, will it finally lead us *out* of financial instability?"
63,2022-07-11 16:38:25+00:00,Explaining the difference between #bitcoin and other digital assets on ABC News. https://t.co/NqE2wOrWlQ
64,2022-07-11 17:25:54+00:00,4 new #Bitcoin Satoshi paintings added to my website ‚Å¶@YungGucciT‚Å© ‚Å¶@13flr_escalator‚Å© ‚Å¶@scarcedotcity‚Å© ‚Å¶@ODELL‚Å© ‚Å¶@BVBT‚Ä¶
65,2022-07-11 21:37:53+00:00,"Fun fact: The person who created the #Bitcoin logo went by the name BitBoy. 

1. That is not me
2. I found this out well after I named the channel"
66,2022-07-11 21:51:50+00:00,"#114: Reflections on the Cypherpunk Movement, Inventing Hashcash, #Bitcoin &amp; Satoshi with @adam3us In this very speci‚Ä¶"
67,2022-07-11 22:36:31+00:00,üí•JUST IN: üá®üá≠Swiss Post Office to offer #Bitcoin trading and custody services by 2024! üôå
68,2022-07-09 06:13:05+00:00,have you heard about #Bitcoin?
69,2022-07-09 06:22:46+00:00,‚ÄúAnyone claiming to be Satoshi has broken the first rule of being Satoshi. #Bitcoin‚Äù -@Excellion
70,2022-07-09 09:26:02+00:00,"Whether you missed @adam3us speech in Zurich, or want to rewatch it, check out this video on #Bitcoin blockchain technology‚Ä¶"
71,2022-07-09 12:41:01+00:00,I‚Äôll be on ABC News in 1 hour talking #bitcoin tune in!
72,2022-07-09 14:11:12+00:00,"#Bitcoin is up more than 400% since the March 2020 crash. 

It's crashed to the highs of the previous bull market.

I still don't know why people are complaining..."
73,2022-07-09 14:25:31+00:00,"Could $17k be the bottom - yes
Could #bitcoin go lower - yes 
Do I have bids sub $17k - yes 

Do I care about your opinion of me or my trading plan 

NO"
74,2022-07-09 15:20:49+00:00,The more people tell me I‚Äôm crazy for believing in #bitcoin the stronger my conviction grows.
75,2022-07-09 16:03:07+00:00,"There are songs, there are memes, and now there is merch! #bitcoin https://t.co/0oTJk9nkub https://t.co/aPmrAgu3HS"
76,2022-07-09 16:03:26+00:00,News moves fast in #Bitcoin Get caught up on the biggest stories of the week in under 3 minutes ‚òïÔ∏è‚òÄÔ∏è https://t.co/LZA1h4Dgca
77,2022-07-09 16:08:05+00:00,Mood #bitcoin https://t.co/SBfvqtbCQD
78,2022-07-09 21:21:15+00:00,"With the blocking, unfollowing, and gaslighting of people, I had to do...what I do. My Star Will Continue To Rise... #bit‚Ä¶"
79,2022-07-09 21:25:11+00:00,"#Bitcoin Holding Up Well at Top of Range!
https://t.co/QV7Ij1kW3C"
80,2022-07-09 21:34:33+00:00,"Hi guys, after stressful days peppered with lots of preparations regarding print testing, bureaucracy and website setu‚Ä¶"
81,2022-07-16 01:36:16+00:00,You won't find MSM outlets covering #Bitcoin and global economics the way @HardMoneyShow is doing it. Watch our special re‚Ä¶
82,2022-07-16 08:36:45+00:00,Necessity is the mother of #Bitcoin adoption.
83,2022-07-16 08:41:02+00:00,".@RevistaMartesF covered news on JAN3 CEO, @Excellion, at the @BlockSummitLA in Panama. ""Panamanians could for example use #B‚Ä¶"
84,2022-07-16 12:09:56+00:00,"On August 11, 2020, @MicroStrategy embarked on its #Bitcoin Strategy, acquiring 21,454 bitcoins at an aggregate purchase price of $250 million.

Performance since that time: $MSTR is +73%, GOOG is +51%, AAPL is +33%, MSFT is +23%, AMZN is -27%, META is -37%, NFLX is -61%."
85,2022-07-16 14:28:37+00:00,"The debate of #Bitcoin vs $GOLD is out, thanks @capitalcom for setting up this discussion w/ @PeterSchiff! MUST WATCH üëá
https://t.co/hnZ9z67kus"
86,2022-07-16 14:42:43+00:00,"Is #Bitcoin Finally Decupling from Stocks!
https://t.co/EzCXL2d5Gn"
87,2022-07-16 15:26:37+00:00,"#Bitcoin is the separation of money and state.

This is the way."
88,2022-07-16 16:11:02+00:00,"A year ago today I had a few thousand followers, a relatively unknown podcast about my passion, #Bitcoin, and a corporate news job.

So much can happen in just a year!!

If you have an idea, a yearning for something, go for it. Make it happen! You won‚Äôt know until you try."
89,2022-07-16 16:15:47+00:00,"This is why you don't short an oversold market...

The market will catch you off guard when you least expect it!

#bitcoin https://t.co/1IqqlY08Dv"
90,2022-07-16 18:25:45+00:00,"Mosquito attack? No biggie... @CryptoWendyO will live stream from a hospital bed if she has to!ü¶üü¶ü #XRP vs #SEC, #Coinbase‚Ä¶"
91,2022-07-16 21:35:02+00:00,"We are a little more than a month away from #BitBlockBoom in Austin, Texas! Don‚Äôt forget to get your tickets! 

Can‚Äôt wait to see some of my favorite #Bitcoin voices there! @GaryLeland @kailybuemi @bitblockboom 

https://t.co/1zrsLFe6KJ"
92,2022-07-16 23:04:58+00:00,...@binance charging $0 in fee for a $800+ transfer!! üòçüòç @cz_binance is amazing #BNB #BTC https://t.co/05j9VZGa6J
93,2022-07-10 06:18:43+00:00,"I feel like our star is rising ü´°üí´ @MWietersheim @marce_m_romero @ArkWeb3 @ErichGarciaCruz @edwinrivas @Excellion Ily,‚Ä¶"
94,2022-07-10 06:20:35+00:00,Had a great time in this #Bitcoin panel meetup in üáµüá¶ organized by @ToneVays with @Excellion as special guest. It‚Äôs a pr‚Ä¶
95,2022-07-10 12:07:37+00:00,Everybody's got to stand for something. #Bitcoin
96,2022-07-10 12:48:35+00:00,The scariest short story in the history of crypto        $btc #bitcoin https://t.co/AWLbVs7EX4
97,2022-07-10 14:56:03+00:00,#bitcoin is fuck you money! @BVBTC https://t.co/838aAFyZtA
98,2022-07-10 15:08:54+00:00,"‚ÄúIf you don‚Äôt believe it or don‚Äôt get it, I don‚Äôt have the time to try to convince you, sorry.‚Äù -Satoshi Nakamoto

Feeling spoiled by one of my favorite #Bitcoin brands @Coinkite! Thank you for my very own BlockClock! üôèüèºüß°
#DontTrustVerify https://t.co/ofdwlkwqvp"
99,2022-07-10 15:22:09+00:00,"ICYMI: CEO of @JAN3com, @Excellion, explains that a 51% attack on #Bitcoin is nothing more than fear mongering. #BTC #ProofOfWork‚Ä¶"
100,2022-07-10 15:22:26+00:00,"""Governments and central bankers have done more to drive #Bitcoin adoption than any of us."" -@Excellion"
101,2022-07-10 15:25:49+00:00,Happy to discuss #Bitcoin with her!
102,2022-07-10 15:38:39+00:00,Had a great time in this #Bitcoin panel meetup in üáµüá¶ organized by @ToneVays with @Excellion as special guest. It‚Äôs a pr‚Ä¶
103,2022-07-10 16:58:01+00:00,"Join me as we cover #Bitcoin and altcoin requests live on my very own show @The_O_Show_ NOW

Comment your request in the chat and also let me know what you had for breakfast 

https://t.co/YAAmHLzVye https://t.co/9JDM1Vfsus"
104,2022-07-10 17:07:50+00:00,"There is no second best. There are 19,999 second bests. 

#Bitcoin is king."
105,2022-07-10 17:09:54+00:00,"Interview FOUND, filmed early 2019:
Debate w/ myself &amp; @saifedean vs @Mashinsky Moderated by @PeterMcCormack.
* #Bitcoin Law Review might be back to cover @CelsiusNetwork w/ @SimonDixonTwitt @FJasonSeibert, @BitcoinKhaleesi &amp; @GordonEinstein 
https://t.co/vRmofen8mQ"
106,2022-07-10 17:13:26+00:00,"Fun Fact: When I made this video, every black background is actually a starry night background. This was done accidentally.‚Ä¶"
107,2022-07-10 18:42:26+00:00,"Q: how is @binance doing now #bitcoin price is $20k?

Me: when @binance started, #bitcoin price was $2k."
108,2022-07-10 19:11:25+00:00,"I think you will love this thought-provoking conversation I had with @johnkvallis about #Bitcoin and life, brought to you by @Okcoin!

WATCH: https://t.co/sNkZ4AfzZl"
109,2022-07-17 01:06:55+00:00,"I still can't believe a few years back, I sold my house to buy #bitcoin at $600. It crashed so many times. Now it's only $21,000.

Not financial advice. https://t.co/l9Z0BFdDpF"
110,2022-07-17 02:17:21+00:00,"Celebrating the Great American #Bitcoin Bike Tour with @CaptainSiddh and @SwanBitcoin! 

Full story on @HardMoneyShow: https://t.co/5JVPQTusVP https://t.co/6q6UHiVCMH"
111,2022-07-17 03:39:12+00:00,"Amazing night talking #Bitcoin on the water with @iTrustCapital 

https://t.co/fi1bmeRyHx https://t.co/bF4IXo8rj1"
112,2022-07-17 05:52:33+00:00,I think @WarrenBuffett is a #Bitcoin and #TRX hodlerüòÑ https://t.co/kifIhHlm8M
113,2022-07-17 08:21:20+00:00,"üßµTHREAD: As energy grids adopt a greater percentage of intermittent renewables, more power must be absorbed by demand response‚Ä¶"
114,2022-07-17 11:59:46+00:00,"In order to understand that #Cardano might be a security, I really recomend the following 2017 episode of Crypto Scam (along with many others on my #Bitcoin Law Review Podcast)
Is #Ethereum a security: https://t.co/gxdAYcbHfn https://t.co/zZoTxidCcO"
115,2022-07-17 12:00:22+00:00,"In order to understand that #Cardano might be a security, I really recomend the following 2017 episode of Crypto Scam (along with many others on my #Bitcoin Law Review Podcast) Is #Ethereum a security: https://t.co/gxdAYccf4V"
116,2022-07-17 15:16:33+00:00,#Bitcoin is better.
117,2022-07-17 15:36:06+00:00,"Some #SundayMorning reading.

#defi #crypto #bitcoin #Decentralization #investing

https://t.co/wEmmBSiLjL https://t.co/4WucBgzweO"
118,2022-07-17 16:21:07+00:00,"""@nic__carter's not the enemy. The enemy is the system, the man.""

Don't miss my latest episode with @aubreystrobel talking about #Bitcoin, maximalism, cancel culture, media/politics and her new show, @theaubservation!

VIDEO: https://t.co/Q9NVK3d1ES

POD: https://t.co/3g6UtTSXgD https://t.co/NKlUF6qt5s"
119,2022-07-17 17:06:55+00:00,#bitcoin is the savings unit of account.
120,2022-07-17 19:00:48+00:00,".@GoingParabolic and @TheEricNorris sending me #Bitcoin: Hard Money You Can‚Äôt F With almost called the top. 
Re-reading it to mark a bottom. https://t.co/1Rqzey3oBc"
121,2022-07-17 19:48:32+00:00,"üßµTHREAD: As energy grids adopt a greater percentage of intermittent renewables, more power must be absorbed by demand response‚Ä¶"
122,2022-07-17 20:11:23+00:00,"""@nic__carter's not the enemy. The enemy is the system, the man."" Don't miss my latest episode with @aubreystrobel talking‚Ä¶"
123,2022-07-07 17:54:03+00:00,"Meet Johan, an IT professional from the #Netherlands who came for #Bitcoin and stayed for 11 more certificates! Read his‚Ä¶"
124,2022-07-07 18:00:51+00:00,the Future of #Bitcoin with @FossGregfoss! https://t.co/NXHDG1WfLr
125,2022-07-07 18:54:06+00:00,"Daddy Gary is blocking #Bitcoin regulation until he can control the ""decentralized"" crypto markets

TLDR: Even though we can and should have properly regulated bitcoin and crypto to generate tax revenue, innovation and jobs we won't and you can suffer

https://t.co/5ZLhq7lnUv"
126,2022-07-07 19:14:01+00:00,"So @PeterSchiff hates #Bitcoin but accepts #Bitcoin (and sh*tcoins) for gold? ü§î At least those earnings can‚Äôt be frozen by Puerto Rico. 

https://t.co/2euS3MInZk https://t.co/YXp7kexy5A"
127,2022-07-07 20:37:42+00:00,Isn‚Äôt it fun how #bitcoin¬†could drop to 10k but could also pump to 40k and you just don‚Äôt know which way it‚Äôs going first‚Ä¶ ü§£
128,2022-07-07 21:48:27+00:00,"""Bitcoin doesn't need anybody. Bitcoin will continue ticking away block after block because it is actually decentralized."" -‚Ä¶"
129,2022-07-07 21:48:42+00:00,@criptobastardo and @Excellion discuss #hyperbitcoinization live on stage from @BlockSummitLA Panama. #bitcoin https://t.co/2R‚Ä¶
130,2022-07-07 22:41:22+00:00,Where should I do my interview with @saylor when #Bitcoin hits $100k. Comment below.
131,2022-07-07 22:55:29+00:00,"HARD MONEY w/ @natbrunell goes live at 7PM EST! Updates on #Bitcoin price action, El Salvador, #Voyager, #FTX/#Blockfi,‚Ä¶"
132,2022-07-07 23:03:47+00:00,"Watch now or watch later, we're streaming @HardMoneyShow show LIVE!

-#Bitcoin headlines
- Updates on FTX, Voyager, Blockfi, Crypto Contagion
- Interview w/ @LynAldenContact 
- #BTC motorcycle roadtrip with @CaptainSiddh 
- Macro with @edstromandrew 

https://t.co/xu8cvVWmN6"
133,2022-07-07 23:34:32+00:00,"Big #bitcoin mining companies are failing, sell pressure on bitcoin will continue. stack sats. Hodl."
134,2022-07-07 23:41:34+00:00,"@BVBTC @HardMoneyShow @natbrunell @LynAldenContact @edstromandrew @CaptainSiddh Only a few episodes in, and already the best‚Ä¶"
135,2022-07-14 01:55:35+00:00,If any #Bitcoin holders who were customers of #Celsius or #Voyager and have no access to their coins want to share their‚Ä¶
136,2022-07-14 02:28:22+00:00,"Awesome #Bitcoin event in Denver July 23 by @bitcoindayio 
* Tried my best to make it üò•, Speakers:
@MikeJarmuz of @ltngventures, @natbrunell, @miketwenty1, @_MattHill_ of @start9labs, @camilacampton of @SwanBitcoin &amp; return of @Andy_Hoffman_CG to $BTC 
https://t.co/eRgwazVWJg"
137,2022-07-14 02:38:49+00:00,If any #Bitcoin holders who were customers of #Celsius or #Voyager and have no access to their coins want to share their‚Ä¶
138,2022-07-14 03:59:32+00:00,Last chance to buy #Bitcoin @ $20k
139,2022-07-14 04:01:27+00:00,"Grateful for the big guests &amp; interesting topics feat. on Coin Stories recently:
-@thetrocro: #Bitcoin energy
-@stoolpresidente: Building Barstool Sports
-@nic__carter's full back story
-@diopfode: #Bitcoin &amp; developing nations
-@BTC_Archive: #BTC values

https://t.co/3g6UtTSXgD"
140,2022-07-14 06:34:28+00:00,"Stayed up late to finish this. What an excellent and thoughtful #Bitcoin/#Macro talk from start to finish. Thank you so much @PrestonPysh and @LawrenceLepard. I took many notes.

https://t.co/iIspT8zlGg"
141,2022-07-14 12:59:02+00:00,The world needs money that won‚Äôt crash. #Bitcoin
142,2022-07-14 14:08:03+00:00,"15,600,000 Bolivars.

The amount of money you need to buy a 5 pound chicken in Venezuela.

#Bitcoin fixes this. https://t.co/eb8ZBDRclS"
143,2022-07-14 14:42:09+00:00,The New York Yankees will leverage NYDIG‚Äôs platform to enable its employees to convert part of their salary into #bitc‚Ä¶
144,2022-07-14 14:43:07+00:00,Global inflation rates: üá≥üá± - 8.6% üá∫üá∏ - 9.1% üá¨üáß - 9.1% üá™üá∏ - 10.2% üáßüá∑ - 11.9% üáµüá± - 15.6% üá∑üá∫ - 15.9% üá¶üá∑ - 60.7% üáπüá∑ - 78.‚Ä¶
145,2022-07-14 15:00:56+00:00,"Join us on July 23rd to listen to top influential industry #BTC leaders, enthusiasts, &amp; Bitcoiners of all levels &amp; expert‚Ä¶"
146,2022-07-14 16:18:54+00:00,There‚Äôs always something to learn with #Bitcoin  üôåüèº
147,2022-07-14 18:12:46+00:00,Today the Blue Dollar rate surged to 288 ARS per USD. The ARS has lost 99.4% of its purchasing power vs. the USD in 20 years. #Bitcoin is hope for #Argentina. https://t.co/0nofr3HHpk
148,2022-07-14 18:12:47+00:00,"In countries suffering from collapsing currencies, centrally managed banks, capital controls, and excessive economic regulations, corporations, individuals, &amp; families need a global ethical economic solution like #bitcoin to protect their wealth &amp; prosper.
https://t.co/u7JAdFmnVx"
149,2022-07-14 18:35:44+00:00,"Interested in a bronze #bitcoin sculpture?

I'll only be offering 21 of these in total and then done. 

$4,500 + shipping. Shoot me a DM. https://t.co/5cj3jP81ZB"
150,2022-07-14 19:44:24+00:00,#Bitcoin is freedom. More will understand this soon.
151,2022-07-14 19:45:14+00:00,"It was so fun to have an hour of girl time with @aubreystrobel, who just launched @theaubservation! 

We talk:
- Aubrey growing up on a Native American reservation
- #Bitcoin &amp; freedom
- Politics/news media
- Maximalists &amp; cancel culture 
- Her new show!

https://t.co/3g6UtTSXgD https://t.co/JVu5ex0vTy"
152,2022-07-14 20:05:59+00:00,"the way you guard the bitcoin, is you sell and short the other tickers vs #bitcoin."
153,2022-07-14 21:23:29+00:00,"Just finished this spaced of over 3,000 live listeners (second half so final 3 hours only) explaining how I view NFTs, Decentralization &amp; Ethereum vs #Bitcoin... 
Worth a listen ----&gt; üëá
https://t.co/wkjAR7GInQ"
154,2022-07-14 21:55:41+00:00,"It was so fun to have an hour of girl time with @aubreystrobel, who just launched @theaubservation! We talk: - Aubrey gro‚Ä¶"
155,2022-07-14 22:39:53+00:00,"This week's HARD MONEY with @natbrunell Topics this week included: - #inflation, The Fed, @CelsiusNetwork - Exclusive‚Ä¶"
156,2022-07-14 22:52:10+00:00,"Coming up at 4pm PT!

@natbrunell hosts @HardMoneyShow with the week‚Äôs top headlines, guest @FossGregfoss, macro update with @edstromandrew and an El Salvador story with a balanced view of #Bitcoin adoption featuring @MilenaMayorga and @nayibbukele

üëÄüì∫ https://t.co/LwjSuf440K https://t.co/LHWbcQPGB7"
157,2022-07-12 01:30:32+00:00,The Great American #Bitcoin Bike Tour is officially in SoCal! Check out @CaptainSiddh‚Äôs inspiring journey on @HardMoneyS‚Ä¶
158,2022-07-12 09:19:39+00:00,"""I believe it's a noble endeavour to try to work with them, to help &amp; educate them on what #Bitcoin is, &amp; guide them through t‚Ä¶"
159,2022-07-12 12:00:22+00:00,Take the long view. #Bitcoin
160,2022-07-12 13:37:16+00:00,"If you are actively trading and have a valid setup great! 

But #bitcoin is the only thing I would be interested in DCA into and even then I prefer limit orders so I can dictate my risk"
161,2022-07-12 16:05:03+00:00,"You can‚Äôt stop an idea whose time has come. 

#Bitcoin"
162,2022-07-12 17:54:52+00:00,Federal Reserve Bank of Cleveland: Lightning network is turning #Bitcoin into money. PDF: https://t.co/q8lu2B4SW7 https://t.‚Ä¶
163,2022-07-12 17:56:40+00:00,"Hope so... though ""Rethink Life"" sounds a lot worse in print haha... Restructure #Bitcoin Dependent Business Model is more in context :)"
164,2022-07-12 18:19:39+00:00,"#Bitcoin Trying to Hold Off a Disaster!
https://t.co/JmTCXYYgze"
165,2022-07-12 19:16:41+00:00,The idea that #Bitcoin couldn‚Äôt scale was a lie that fooled many people via the censorship of this truth: https://t.co/T5rn233zI1
166,2022-07-12 19:31:20+00:00,"Thinking about additions to my Harley to make it a subtle, classy #Bitcoin bike. What trim / paint / decals would you a‚Ä¶"
167,2022-07-12 19:57:25+00:00,High school computer science student turned #Bitcoin developer @danielabrozzoni recounts her exciting journey and gives advic‚Ä¶
168,2022-07-12 22:53:06+00:00,"#Bitcoin changes you.

Too many people fear change."
169,2022-07-13 02:37:47+00:00,"If #bitcoin crashed to 4k in March 2020 then climbed to $20,000 and STAYED THERE up to now... 

Everyone would be calling it a hedge against inflation."
170,2022-07-13 03:06:20+00:00,Thank you @Bitboy_Crypto for giving me another opportunity to share my knowledge on the #picycle Indicator and #Bitcoin‚Ä¶
171,2022-07-13 05:14:52+00:00,"‚ÄúBut laws can be repealed too. At the end of the day what you do want is adoption, and what you do want is that kind of mass m‚Ä¶"
172,2022-07-13 05:14:58+00:00,"‚ÄúEl Salvador has both bottom-up through Bitcoin Beach, and then you have top-down. I don‚Äôt believe #Bitcoin laws or crypto law‚Ä¶"
173,2022-07-13 12:07:41+00:00,"you don't care what node others run. you know what #bitcoin is and so do millions of other users. this is not a vote, not a democracy, it's a unilateral veto by self-sovereign individuals. bitcoin is bitcoin. economic full-nodes create an impenetrable force field of validation."
174,2022-07-13 13:28:55+00:00,Consumer Price Index (#CPI) comes in above the 1.1% expectation at 1.3% &amp; significantly higher than last months 1%. This is‚Ä¶
175,2022-07-13 14:41:43+00:00,"People dunking on #Bitcoin because it hasn't outperformed dollars during this high inflation are forgetting one important thing.

Bitcoin will go back up.

The dollar only goes down."
176,2022-07-13 14:42:11+00:00,"""This Machine Greens"" is THE best 38 minutes on Bitcoin's energy usage. Presented by @SwanBitcoin and feat. @gladstein,‚Ä¶"
177,2022-07-13 14:46:01+00:00,"‚ÄúWe are going to see the fall of the fiat system, and this can be alleviated by adopting #Bitcoin,‚Äù were the words with which‚Ä¶"
178,2022-07-13 15:12:17+00:00,"#Bitcoin Drops on High Inflation - How Ironic!
https://t.co/5eYfotVXQE"
179,2022-07-13 18:04:53+00:00,"9.1% further down the road to serfdom.

#Bitcoin"
180,2022-07-13 20:07:05+00:00,"Stefan Molyneux was deplatformed from @Twitter and @YouTube for being a visionary in many areas, including the future of #Bitcoin https://t.co/xBIL77I4uX"
181,2022-07-13 20:20:58+00:00,There is no natural inflation rate! It is a design requirement of a debt based system - which is in the process of failing.‚Ä¶
182,2022-07-13 20:50:07+00:00,"""In each bear market we know that folks start to ask better questions about what #bitcoin is, how it differs from the‚Ä¶"
183,2022-07-13 21:06:38+00:00,"On the weekly Hard Money Show with @natbrunell we want to feature unique, inspiring and thought-provoking stories about‚Ä¶"
